{
  "Agganis Arena": [42.3521974, -71.1177052],
  "Amory Street (Green Line)": [42.350992, -71.114748],
  "Anna's Taqueria": [42.3461130, -71.1281523],
  "Bay State Road Residence Center": [42.3525132, -71.1197628],
  "Biology Research Building": [42.3485232, -71.1012949],
  "Boston University Academy": [42.3509965, -71.1098384],
  "BU Beach": [42.3511927, -71.1060828],
  "BU Bookstore (Campus Store)": [42.3509686, -71.1165159],
  "BU Bridge": [42.3526623, -71.1106101],
  "BU Central (Green Line)": [42.3501128, -71.1071046],
  "BU East (Green Line)": [42.3496784, -71.1042047],
  "BU Police Department (BUPD)": [42.3526314, -71.1185083],
  "CAS (College of Arts & Sciences)": [42.3502789, -71.105441],
  "CDS (Computing & Data Sciences Center)": [42.3498971, -71.1032301],
  "CFA (College of Fine Arts)": [42.3512829, -71.1138786],
  "CGS (College of General Studies)": [42.3513682, -71.114637],
  "Chipotle": [42.3506578, -71.1146616],
  "CILSE (Life Sciences & Engineering)": [42.3490862, -71.1014951],
  "College of Communication (COM)": [42.3488740, -71.1024629],
  "College of Engineering (ENG)": [42.3485491, -71.1029700],
  "College of Fine Arts": [42.3512829, -71.1138786],
  "College of General Studies": [42.3513682, -71.1146370],
  "College of Health & Rehabilitation Sciences (Sargent)": [42.3497644, -71.1019604],
  "CVS Pharmacy (West)": [42.3508882, -71.1160043],
  "Danielsen Hall": [42.3509336, -71.0903529],
  "Domino's Pizza": [42.3477013, -71.1058545],
  "Dunkin' (GSU)": [42.3508603, -71.1089789],
  "East Campus Student Services": [42.3496784, -71.1042047],
  "Engineering Product Innovation Center (EPIC)": [42.3485491, -71.1029700],
  "Fenway Campus - 101 Fenway": [42.3432000, -71.1005000],
  "Fenway Campus - 575 Commonwealth": [42.3441000, -71.1022000],
  "Fenway Campus - 610 Beacon": [42.3496437, -71.0943793],
  "Fenway Dining Hall": [42.3429771, -71.1051785],
  "Fenway Park": [42.3466764, -71.0972178],
  "FitRec (Fitness & Recreation Center)": [42.3514719, -71.1163957],
  "Fuller Building": [42.3502000, -71.1050000],
  "GSU (George Sherman Union)": [42.3508929, -71.1089444],
  "Hillel House": [42.3498000, -71.1064000],
  "HoJo (575 Commonwealth)": [42.3494615, -71.0987151],
  "Howard Thurman Center": [42.3500037, -71.1116874],
  "Insomnia Cookies": [42.3495377, -71.1054077],
  "International Relations Building (Pardee)": [42.3504770, -71.0989050],
  "Kenmore Square (Green Line)": [42.3489500, -71.0951700],
  "Kilachand Hall": [42.3501000, -71.1046000],
  "Kilachand Honors College": [42.3503197, -71.0970060],
  "LAW Tower": [42.3509824, -71.1071035],
  "Marsh Chapel": [42.3507056, -71.1064453],
  "McDonald's (Kenmore)": [42.3485407, -71.0967420],
  "Metcalf Science Center": [42.3486920, -71.1004571],
  "Mugar Library": [42.3509539, -71.1080340],
  "Myles Standish Hall": [42.3496437, -71.0943793],
  "Nickerson Field": [42.3533333, -71.1191667],
  "Panda Express (GSU)": [42.3508603, -71.1089789],
  "Panera Bread (Fenway)": [42.3457835, -71.1004526],
  "Photonics Center": [42.3491644, -71.1059725],
  "Questrom School of Business": [42.3496260, -71.0995466],
  "Raising Cane's": [42.3518693, -71.1187328],
  "School of Hospitality Administration": [42.3495000, -71.1006000],
  "School of Social Work": [42.3500000, -71.1042000],
  "Science & Engineering Building (SE)": [42.3485491, -71.1029700],
  "Sleeper Hall": [42.3529607, -71.1205593],
  "South Campus Residence Center": [42.3490000, -71.1000000],
  "Star Market": [42.3526270, -71.1233667],
  "Starbucks (Questrom)": [42.3495000, -71.0999400],
  "Student Health Services": [42.3513540, -71.1152830],
  "StuVi 1": [42.3530000, -71.1210000],
  "StuVi 2": [42.3531666, -71.1177786],
  "Subway (Warren Towers)": [42.3494431, -71.1048665],
  "Taco Bell": [42.3506726, -71.1144236],
  "Target": [42.3505926, -71.1140487],
  "The Towers": [42.3499850, -71.0997997],
  "Trader Joe's (Coolidge Corner)": [42.3419953, -71.1205422],
  "Warren Towers": [42.3494623, -71.1040974],
  "West Campus Dining Hall": [42.3526692, -71.1202102],
  "Wheelock College of Education": [42.3496967, -71.1008518],
  "Whitney Place": [42.3494000, -71.1032000],
  "Yawkey Center for Student Services": [42.3497673, -71.0979269]
}
