{
  "Agganis Arena": [42.3522306, -71.1177917],
  "Amory Street (Green Line)": [42.35152, -71.11822],
  "Bay State Road Residence Center": [42.35085, -71.10490],
  "Biology Research Building": [42.34994, -71.10372],
  "Boston University Academy": [42.35072, -71.10892],
  "BU Beach": [42.35063, -71.10820],
  "BU Bridge": [42.35094, -71.11141],
  "BU Central (Green Line)": [42.34997, -71.10088],
  "BU East (Green Line)": [42.34964, -71.10393],
  "CAS (College of Arts & Sciences)": [42.35052, -71.10540],
  "CDS (Computing & Data Sciences Center)": [42.35033, -71.10800],
  "CFA (College of Fine Arts)": [42.35010, -71.10720],
  "CGS (College of General Studies)": [42.34990, -71.10440],
  "CILSE (Life Sciences & Engineering)": [42.34960, -71.10310],
  "College of Communication (COM)": [42.34940, -71.10090],
  "College of Engineering (ENG)": [42.34980, -71.10020],
  "College of Fine Arts": [42.35010, -71.10720],
  "College of General Studies": [42.34990, -71.10440],
  "College of Health & Rehabilitation Sciences (Sargent)": [42.34930, -71.10590],
  "Danielsen Hall": [42.34900, -71.08890],
  "East Campus Student Services": [42.34950, -71.10280],
  "Engineering Product Innovation Center (EPIC)": [42.34950, -71.10040],
  "Fenway Campus - 101 Fenway": [42.34320, -71.10050],
  "Fenway Campus - 575 Commonwealth": [42.34410, -71.10220],
  "Fenway Campus - 610 Beacon": [42.34510, -71.10280],
  "Fenway Dining Hall": [42.34226, -71.10572],
  "FitRec (Fitness & Recreation Center)": [42.35130, -71.11620],
  "Fuller Building": [42.35020, -71.10500],
  "GSU (George Sherman Union)": [42.35030, -71.10810],
  "Hillel House": [42.34980, -71.10640],
  "Howard Thurman Center": [42.35040, -71.10840],
  "International Relations Building (Pardee)": [42.35070, -71.10580],
  "Kilachand Hall": [42.35010, -71.10460],
  "Kilachand Honors College": [42.35010, -71.10460],
  "LAW Tower": [42.35090, -71.11320],
  "Marsh Chapel": [42.35040, -71.10800],
  "Metcalf Science Center": [42.34980, -71.10420],
  "Mugar Library": [42.35060, -71.10590],
  "Myles Standish Hall": [42.34920, -71.09580],
  "Nickerson Field": [42.35340, -71.11880],
  "Photonics Center": [42.34970, -71.10070],
  "Questrom School of Business": [42.34990, -71.10010],
  "School of Hospitality Administration": [42.34950, -71.10060],
  "School of Social Work": [42.35000, -71.10420],
  "Science & Engineering Building (SE)": [42.34950, -71.10030],
  "Sleeper Hall": [42.35100, -71.11800],
  "South Campus Residence Center": [42.34900, -71.10000],
  "StuVi 1": [42.35300, -71.12100],
  "StuVi 2": [42.35350, -71.12150],
  "Student Health Services": [42.35000, -71.10860],
  "The Towers": [42.35020, -71.10310],
  "Warren Towers": [42.34910, -71.10070],
  "West Campus Dining Hall": [42.35170, -71.11840],
  "Wheelock College of Education": [42.34980, -71.10520],
  "Whitney Place": [42.34940, -71.10320],
  "Yawkey Center for Student Services": [42.35040, -71.10840]
}
