{
  "Agganis Arena": [42.351648, -71.117852],
  "Amory Street (Green Line)": [42.350990, -71.114702],
  "Babcock (Green Line)": [42.351618, -71.119860],
  "Biology Research Building": [42.348582, -71.100849],
  "Boat House": [42.3533429, -71.1077675],
  "Boston University Academy": [42.351220, -71.110223],
  "BU Beach": [42.351172, -71.105574],
  "BU Bookstore (Campus Store)": [42.350939, -71.116519],
  "BU Bridge": [42.352409, -71.110570],
  "BU Central (Green Line)": [42.350086, -71.107173],
  "BU East (Green Line)": [42.349735, -71.104346],
  "BU Innovate": [42.3498265, -71.1068430],
  "BU Police Department (BUPD)": [42.3524886, -71.1185551],
  "CAS (College of Arts & Sciences)": [42.3501803, -71.1045311],
  "CDS (Computing & Data Sciences Center)": [42.349947, -71.103179],
  "CFA (College of Fine Arts)": [42.351151, -71.113857],
  "CGS (College of General Studies)": [42.351254, -71.114615],
  "Chipotle": [42.3506769, -71.1143574],
  "CILSE (Life Sciences & Engineering)": [42.349081, -71.101720],
  "Claflin Hall": [42.352510, -71.119551],
  "College of Communication (COM)": [42.348887, -71.102515],
  "College of Engineering (ENG)": [42.348605, -71.103076],
  "College of Health & Rehabilitation Sciences (Sargent)": [42.3497422, -71.1020177],
  "CVS Pharmacy (West)": [42.3510793, -71.1174529],
  "Danielsen Hall": [42.350796, -71.090259],
  "Domino's Pizza": [42.3477847, -71.1058009],
  "El Jefes Taqueria (Kenmore)": [42.3491297, -71.0965327],
  "El Jefes Taqueria (West)": [42.3517314, -71.1189061],
  "Engineering Product Innovation Center (EPIC)": [42.3499147, -71.1079311],
  "Fenway Campus - 575 Commonwealth": [42.342406, -71.105637],
  "Fenway Dining Hall": [42.3430408, -71.1049459],
  "Fenway Library": [42.3430864, -71.1047994],
  "Fenway Park": [42.347059, -71.098468],
  "FitRec (Fitness & Recreation Center)": [42.351654, -71.117147],
  "GSU (George Sherman Union)": [42.3508711, -71.1090002],
  "Hillel House": [42.3506868, -71.1031617],
  "HoJo (575 Commonwealth)": [42.349410, -71.098747],
  "Howard Thurman Center": [42.350300, -71.111236],
  "Insomnia Cookies": [42.3495946, -71.1053869],
  "Kenmore Classroom Building": [42.349466, -71.098128],
  "Kenmore Square (Green Line)": [42.349055, -71.096396],
  "Kilachand Honors College": [42.350276, -71.097023],
  "LAW Tower": [42.3511035, -71.1072381],
  "Marciano Commons": [42.349969, -71.097862],
  "Marsh Chapel": [42.3506702, -71.1064147],
  "McDonald's (Kenmore)": [42.3485439, -71.0966935],
  "Metcalf Science Center": [42.348647, -71.100348],
  "Morse Auditorium": [42.3489701, -71.1009048],
  "Mugar Library": [42.3510267, -71.1080300],
  "Myles Standish Hall": [42.349668, -71.094337],
  "Nickerson Field": [42.353065, -71.120116],
  "Pardee School of Global Studies": [42.3503458, -71.0988838],
  "Photonics Center": [42.349287, -71.106096],
  "Questrom School of Business": [42.3494954, -71.0996565],
  "Raising Cane's": [42.3517423, -71.1186624],
  "Rastic Robotics Lab": [42.3498413, -71.1070388],
  "Rich Hall": [42.353444, -71.120655],
  "Sailing Pavilion": [42.351975, -71.110153],
  "School of Hospitality Administration": [42.351111, -71.117772],
  "School of Social Work": [42.350907, -71.105353],
  "School of Theology": [42.350453, -71.107387],
  "Sleeper Hall": [42.3530833, -71.1206591],
  "South Campus": [42.3476796, -71.1045083],
  "Star Market": [42.3522815, -71.1232642],
  "Student Health Services": [42.351367, -71.115513],
  "StuVi 1": [42.352213, -71.115861],
  "StuVi 2": [42.353040, -71.117887],
  "Subway (Warren Towers)": [42.349563, -71.104783],
  "Taco Bell": [42.350717, -71.114691],
  "Target": [42.3506561, -71.1140732],
  "The Towers": [42.350084, -71.099790],
  "Warren Towers": [42.349420, -71.104007],
  "West Campus Dining Hall": [42.352732, -71.120159],
  "Wheelock College of Education": [42.349715, -71.100641],
  "Yawkey Center for Student Services": [42.349642, -71.097554]
}
